Name,Price,Date
Apple iPhone 13 Pro 128GB (Used),130000,2026-03-29
Xiaomi Redmi Note 11 SE 5G 6GB / 128GB (Used),21500,2026-03-29
Apple iPhone X 256GB (Used),47999,2026-03-29
Apple iPhone 13 Pro Max ZD/A (Used),140000,2026-03-29
Apple iPhone 13 128GB (Used),80000,2026-03-29
ZTE Blade A54 (Used),21500,2026-03-29
Infinix Hot 10 4/64GB (Used),16000,2026-03-29
Apple iPhone 13 Pro Max (Used),128000,2026-03-29
Apple iPhone 11 128GB (Used),62900,2026-03-29
Google Pixel 6a 128GB (Used),48000,2026-03-29
Apple iPhone 15 Pro Max 256 GB (Used),238000,2026-03-29
Realme 11x 5G (Used),27500,2026-03-29
Samsung Galaxy S25 Ultra 5G 12GB RAM | 512GB (Used),260000,2026-03-29
Vivo Y93 8/256GB (Used),14500,2026-03-29
Apple iPhone 12 mini 128GB (Used),62900,2026-03-29
iqoo Z9 Lite 5G 8/256GB (Used),28000,2026-03-29
Sony Xperia 5 IV 128GB (Used),51999,2026-03-29
Samsung Galaxy S26 Ultra (Brand New),415000,2026-03-29
TCL 20E 2025 (Used),18000,2026-03-29
Apple iPhone 12 (Used),65000,2026-03-29
OnePlus Nord CE 3 Lite 256GB (Used),38000,2026-03-29
Samsung Galaxy A52 (Used),45000,2026-03-29
Apple iPhone 12 Pro 256GB (Used),97999,2026-03-29
Oppo A5 Pro 5G (Used),38000,2026-03-29
Huawei P30 Lite (Used),21000,2026-03-29
Apple iPhone 15 128 GB (Used),169000,2026-03-29
Apple iPhone 17 Pro 512GB (Used),415000,2026-03-29
Google Pixel 9 Pro XL 128GB (Used),179999,2026-03-29
Apple iPhone 17 Pro Max 256GB (Brand New),475000,2026-03-29
Apple iPhone 13 128GB (Used),95999,2026-03-29
Apple iPhone 12 128GB (Used),85500,2026-03-29
Apple iPhone 16 128GB (Used),173000,2026-03-29
Apple iPhone 13 Pro 256GB (Used),139999,2026-03-29
Apple iPhone 14 256GB (Used),123900,2026-03-29
Vivo Y39 5G (Used),37000,2026-03-29
Apple iPhone 17 Pro 256GB (Brand New),440000,2026-03-29
Google Pixel 9 Pro 128GB (Used),164999,2026-03-29
Google Pixel 7 Pro (Used),83000,2026-03-29
Samsung Galaxy S25 Ultra 256GB (Brand New),310000,2026-03-29
Apple iPhone 13 128GB (Used),96990,2026-03-29
Apple iPhone 7 Plus (Used),25000,2026-03-29
Vivo Y91i 32GB (Used),12000,2026-03-29
Apple iPhone 16 Pro Max 256GB | Dessert (Used),290000,2026-03-29
Apple iPhone 12 (Used),65000,2026-03-29
ZTE nubia Neo 3 5G 256GB (Brand New),23990,2026-03-29
Apple iPhone XR 128GB (Used),53499,2026-03-29
Google Pixel 9 128GB (Used),144990,2026-03-29
Nokia 5310 (Used),7000,2026-03-29
Apple iPhone XS 256GB All Colors (Used),59999,2026-03-29
Honor X5c Plus 4GB-128GB (Used),23500,2026-03-29
"Apple iPhone 12 Pro Max 512GB | Blue,Gray (Used)",144999,2026-03-29
Apple iPhone 13 128GB (Used),105500,2026-03-29
Honor X6c 128GB (Used),26500,2026-03-29
Apple iPhone 13 256GB (Used),105999,2026-03-29
HMD Crest 5G (Used),45000,2026-03-29
Apple iPhone 6S 128GB (Used),17999,2026-03-29
Apple iPhone 15 Pro Max 256GB (Used),238000,2026-03-29
Huawei Nova 3i Black 128GB (Used),11000,2026-03-29
Apple iPhone 12 128GB (Used),80499,2026-03-29
"Apple iPhone 13 [Starlight,Midnight] (Used)",105500,2026-03-29
Google Pixel 8a 128GB (Used),87999,2026-03-29
Apple iPhone 11 Pro 256GB | ALL COLORS (Used),80499,2026-03-29
Apple iPhone 13 Pro 512GB (Used),144000,2026-03-29
Apple iPhone 11 Pro 256GB (Used),85000,2026-03-29
Apple iPhone 14 Pro Max 256GB (Purple) (Used),178900,2026-03-29
Apple iPhone 14 128GB (Used),125000,2026-03-29
Xiaomi Redmi 13C 8GB RAM | 256GB (Used),22999,2026-03-29
Apple iPhone 13 256GB (Used),105000,2026-03-29
Apple iPhone 14 Pro Max 256GB (Used),205000,2026-03-29
Apple iPhone 11 Pro 256GB (Used),67000,2026-03-29
Infinix Smart 8 (Used),11000,2026-03-29
Apple iPhone 13 Pro 256GB (Used),136000,2026-03-29
Apple iPhone SE 2 256GB (Black) (Used),46990,2026-03-29
Apple iPhone 17 Pro Max (Used),405000,2026-03-29
Apple iPhone 17 Pro Max 256GB (Brand New),484990,2026-03-29
Apple iPhone 15 Pro 256GB (Used),219000,2026-03-29
Apple iPhone 17 Pro 256GB (Brand New),459990,2026-03-29
Vivo Y39 5G 256GB 6500mAh (Used),38500,2026-03-29
Apple iPhone 16 Pro Max 512GB (Used),355000,2026-03-29
Apple iPhone 17 Pro 256GB (Brand New),434990,2026-03-29
Google Pixel 10 Pro XL 16/256GB (Brand New),319990,2026-03-29
Apple iPhone 11 Pro 256GB (Used),84000,2026-03-29
Apple iPhone 12 Pro Max 128GB | Graphite (Used),90000,2026-03-29
Samsung Galaxy S24 Ultra 512GB (Used),187500,2026-03-29
Apple iPhone 17 Pro Max (Brand New),495000,2026-03-29
Honor 90 (Used),80000,2026-03-29
Apple iPhone XS (Used),32500,2026-03-29
Apple iPhone 14 Pro Max 256GB | SAME IMEI (Used),179900,2026-03-29
Xiaomi Redmi 13C 8GB RAM | 256GB (Used),23000,2026-03-29
Apple iPhone 11 128GB (Used),69999,2026-03-29
Apple iPhone 13 128GB (Used),94900,2026-03-29
Apple iPhone 12 128GB (Used),80000,2026-03-29
Apple iPhone 11 Pro 256GB (Used),80000,2026-03-29
Apple iPhone 12 128GB (Used),79990,2026-03-29
Samsung Galaxy S23 Ultra 12GB 256GB (Used),126500,2026-03-29
Samsung Galaxy A17 2025 (Brand New),28990,2026-03-29
Google Pixel 7 128GB (Brand New),79000,2026-03-29
Apple iPhone XR 128GB (Used),52990,2026-03-29
Apple iPhone 14 128GB (Used),124000,2026-03-29
Apple iPhone 13 256GB (White/Blue) (Used),105490,2026-03-29
Apple iPhone 13 256GB (White/Blue) (Used),105490,2026-03-29
Apple iPhone 17 256GB (Brand New),291990,2026-03-29
Realme 14 Pro 5G 8GB 128GB (Used),59500,2026-03-29
Xiaomi Redmi Note 11 (Used),29500,2026-03-29
Apple iPhone 13 Pro Max 128GB (Used),134000,2026-03-29
Apple iPhone 17 256GB (Brand New),284990,2026-03-29
Google Pixel 7 256GB (Used),74999,2026-03-29
Google Pixel 10 Pro 256GB (Brand New),295000,2026-03-29
Samsung Galaxy A56 5G 256GB (Brand New),130000,2026-03-29
Google Pixel 6 Pro 128GB (Used),69990,2026-03-29
Samsung Galaxy A26 5G 256GB (Brand New),65000,2026-03-29
Apple iPhone 16 Pro Max (Used),280000,2026-03-29
Apple iPhone 14 128GB (Used),118998,2026-03-29
Apple iPhone 14 128GB (Used),118998,2026-03-29
Apple iPhone 11 (Used),45000,2026-03-29
Apple iPhone 14 128GB (Used),118998,2026-03-29
Xiaomi Poco X7 5G 8GB 128GB (Used),54500,2026-03-29
Apple iPhone 11 128GB (Used),82999,2026-03-29
Apple iPhone X 64GB (Used),36500,2026-03-29
Apple iPhone 13 Pro 256GB (Used),145000,2026-03-29
Google Pixel 7 Pro 128GB (Brand New),112999,2026-03-29
Apple iPhone 14 128GB (Used),118998,2026-03-29
Apple iPhone 15 Pro 256GB (Used),225000,2026-03-29
Apple iPhone 15 Pro Max 256GB (Used),250000,2026-03-29
Apple iPhone 14 Pro 256GB (Used),185000,2026-03-29
Samsung Galaxy S24 Ultra 512GB (Used),187500,2026-03-29
Samsung Galaxy S24 Plus 512GB (Used),158000,2026-03-29
Samsung Galaxy S24 Plus 5G 256GB (Used),153000,2026-03-29
Samsung Galaxy S24 Ultra 256GB (Used),210000,2026-03-29
Samsung Galaxy S24 5G 256GB 8GB Cream (Used),129900,2026-03-29
Samsung Galaxy S24 Ultra (Used),190000,2026-03-29
Samsung Galaxy S24 8GB|256GB (Used),127000,2026-03-29
Samsung Galaxy S24 Ultra 12GB|256GB Dual sim (Used),189999,2026-03-29
Samsung Galaxy S24 Ultra 12GB 512GB (Used),185000,2026-03-29
Samsung Galaxy S24 8GB|128GB (Used),119000,2026-03-29
Samsung Galaxy S24 Plus (Used),145500,2026-03-29
Samsung Galaxy S24 Ultra 256GB (Used),189000,2026-03-29
Samsung Galaxy S24 Ultra 5G 256GB 200MP Grey (Used),194990,2026-03-29
Samsung Galaxy S24 Ultra 512GB (Used),209999,2026-03-29
Samsung Galaxy S24 Ultra 256GB (Used),189000,2026-03-29
Samsung Galaxy S24 Ultra 512GB (Used),205000,2026-03-29
Samsung Galaxy S24 Ultra (Used),185000,2026-03-29
Samsung Galaxy S24 (Used),127000,2026-03-29
Samsung Galaxy S24 Ultra 256GB (Used),193000,2026-03-29
Samsung Galaxy S24 Ultra 256GB (Used),200000,2026-03-29
Samsung Galaxy S24 5G 512GB 8GBRam (Used),139990,2026-03-29
Samsung Galaxy S24 Ultra 256GB 12GB RAM 5G (Used),139000,2026-03-29
Samsung Galaxy S24 (Used),108500,2026-03-29
Samsung Galaxy S24 Ultra 256GB (Used),200000,2026-03-29
Samsung Galaxy S24 256GB (Used),127000,2026-03-29
Google Pixel 9 Pro XL 256GB (Brand New),269000,2026-03-29
Google Pixel 9 Pro XL 16GB 256GB (Brand New),260000,2026-03-29
Google Pixel 9 Pro 16GB 256GB (Brand New),164990,2026-03-29
Google Pixel 9 Pro 16GB|256GB (Used),167000,2026-03-29
Google Pixel 9 Pro 16GB|256GB (Used),167000,2026-03-29
Google Pixel 9 Pro XL 256GB (Brand New),259999,2026-03-29
Google Pixel 9 Pro XL 256GB (Brand New),180000,2026-03-29
Google Pixel 9 Pro 16GB|256GB 5G (Used),169000,2026-03-29
Google Pixel 9 PRO XL 12GB 256GB (Used),199990,2026-03-29
Google Pixel 9 Pro XL 16GB 256GB (Used),199900,2026-03-29
Google Pixel 9 Pro 16GB|256GB 5G (Used),168000,2026-03-29
Google Pixel 9 Pro 16GB|256GB Full set (Used),168000,2026-03-29
Google Pixel 9 Pro XL 5G 16GB 256GB (Used),199990,2026-03-29
Google Pixel 9 256GB (Used),145000,2026-03-29
Google Pixel 9 Pro XL 16GB 256GB 5G (Used),199900,2026-03-29
Google Pixel 9 Pro XL 256GB GLOBAL (Brand New),249999,2026-03-29
Google Pixel 9 Pro 16GB 256GB (Used),164990,2026-03-29
Google Pixel 9 Pro XL 16GB 256GB (Used),199900,2026-03-29
Google Pixel 9 Pro XL 256GB (Brand New),244999,2026-03-29
Google Pixel 9 Pro XL 16GB 256GB (Used),199900,2026-03-29
Google Pixel 9 Pro XL 256GB (Used),189000,2026-03-29
Google Pixel 9 Pro XL 16GB 256GB (Used),199900,2026-03-29
Google Pixel 9 Pro XL 16GB 256GB 5G (Used),195990,2026-03-29
Google Pixel 9 Pro XL 16GB 256GB (Used),174990,2026-03-29
Google Pixel 9 Pro XL 16GB 256GB 5G (Used),199900,2026-03-29
Apple iPhone 14 Pro 128GB (Used),141000,2026-03-29
Apple iPhone 14 Pro 128GB (Used),152000,2026-03-29
Apple iPhone 14 Pro Max 128GB (Used),180000,2026-03-29
Apple iPhone 14 Pro Max 128GB (Purple) (Used),169999,2026-03-29
Apple iPhone 14 Pro Max 128gb 001 (Used),179500,2026-03-29
Apple iPhone 14 Pro Max 128gb (Used),179000,2026-03-29
Apple iPhone 14 Pro 128GB (Used),154005,2026-03-29
Apple iPhone 14 Pro 128GB (Used),170000,2026-03-29
Apple iPhone 14 Pro Max 128GB (Used),165000,2026-03-29
Apple iPhone 14 Pro 128GB (Used),141999,2026-03-29
Apple iPhone 14 Pro Max 128GB (Used),159990,2026-03-29
Apple iPhone 14 Pro 128GB (Used),147500,2026-03-29
Apple iPhone 14 Pro 128GB (Used),169000,2026-03-29
Apple iPhone 14 Pro 128GB (Used),173000,2026-03-29
Apple iPhone 14 Pro 128GB Black (Used),164900,2026-03-29
Apple iPhone 14 Pro Max 128GB (Used),129500,2026-03-29
Apple iPhone 14 Pro Max 128GB (Used),190000,2026-03-29
Apple iPhone 14 Pro Max 128GB (Used),217999,2026-03-29
Apple iPhone 14 Pro 128gb (Used),155000,2026-03-29
Apple iPhone 14 Pro Max 128GB (Used),217999,2026-03-29
Apple iPhone 14 Pro Max 128GB (Used),165000,2026-03-29
Apple iPhone 14 Pro 128GB (Used),154004,2026-03-29
Apple iPhone 14 Pro 128GB (Used),138000,2026-03-29
Apple iPhone 14 Pro 128GB 256GB (Used),179999,2026-03-29
Apple iPhone 14 Pro Max 128GB (Used),217999,2026-03-29
Google Pixel 5 5G 8GB 128GB (Used),39990,2026-03-29
Google Pixel 5 5G 128GB (Used),48000,2026-03-29
Google Pixel 5 (Used),22000,2026-03-29
Google Pixel 5 5G 128GB (Brand New),60000,2026-03-29
Google Pixel 5 5G 128GB (Brand New),48000,2026-03-29
Google Pixel 5 128GB (Used),39000,2026-03-29
Google Pixel 5 (Used),10000,2026-03-29
Google Pixel 5 (Used),42000,2026-03-29
Google Pixel 5 5G 8/128GB (Brand New),60000,2026-03-29
Google Pixel 5 (Used),18000,2026-03-29
Google Pixel 5 (Used),36000,2026-03-29
Google Pixel 5 5G 8GB 128GB (Used),39990,2026-03-29
Google Pixel 5 (Used),35000,2026-03-29
Google Pixel 5 128GB (Used),36499,2026-03-29
Google Pixel 5 (Used),36500,2026-03-29
Google Pixel 5 5G 8GB 128GB (Used),39990,2026-03-29
Google Pixel 5 8GB 128GB (Used),30000,2026-03-29
Google Pixel 5 5G 128GB (Brand New),58000,2026-03-29
Google Pixel 5 (Used),35000,2026-03-29
Google Pixel 5 (Used),13000,2026-03-29
Google Pixel 5 5G 128GB (Brand New),58000,2026-03-29
Google Pixel 5 (Used),17000,2026-03-29
Google Pixel 5 (Used),44000,2026-03-29
Google Pixel 5 5G 128GB (Brand New),60000,2026-03-29
Google Pixel 5 5G 128GB (Used),39900,2026-03-29
ZTE nubia V80 Design (Brand New),44900,2026-03-29
ZTE nubia V80 design (Brand New),50850,2026-03-29
ZTE nubia V80 Design 8|128GB (Brand New),43990,2026-03-29
ZTE nubia V80 Design 8|128GB (Brand New),43990,2026-03-29
ZTE nubia V80 design (Brand New),50850,2026-03-29
ZTE nubia V80 design (Brand New),50850,2026-03-29
ZTE nubia V80 Design 8|128GB (Brand New),43990,2026-03-29
ZTE nubia V80 Design 8|128GB (Brand New),43990,2026-03-29
ZTE nubia V80 Design (Used),45000,2026-03-29
ZTE nubia V80 Design (Brand New),50000,2026-03-29
ZTE nubia V80 Design (Brand New),53999,2026-03-29
ZTE nubia V80 Design|8|256GB (Brand New),43490,2026-03-29
ZTE nubia V80 Design|8|256GB (Brand New),43490,2026-03-29
ZTE nubia V80 Design (Used),45000,2026-03-29
ZTE nubia V80 Design|8|256GB (Brand New),43490,2026-03-29
ZTE nubia V80 Design|8GB|256GB (Brand New),43490,2026-03-29
ZTE nubia V80 Design|8GB|256GB (Brand New),43490,2026-03-29
Nubia V80 Design (Brand New),46499,2026-03-29
ZTE nubia v80 Design|8GB|256GB (Brand New),43490,2026-03-29
ZTE nubia v80 Design|8GB|256GB (Brand New),43490,2026-03-29
ZTE nubia V80 Design 8|128GB (Brand New),43490,2026-03-29
ZTE nubia V80 Design 8|128GB (Brand New),43490,2026-03-29
ZTE nubia V80 Design (Brand New),42000,2026-03-29
ZTE nubia V80 Design 256/8+12g (Brand New),43800,2026-03-29
ZTE nubia V80 Design (Brand New),17000,2026-03-29
Realme C15 64GB (Used),12500,2026-03-29
Realme C15 (Used),11500,2026-03-29
Realme C15 4GB 64GB (Used),18000,2026-03-29
Realme C15 (Used),18500,2026-03-29
Realme C15 (Used),11500,2026-03-29
Realme C15 64GB (Used),18000,2026-03-29
Realme C15 4GB 64GB (Used),9000,2026-03-29
Realme C15 (Used),22000,2026-03-29
Realme C15 (Used),30000,2026-03-29
Realme C15 (Used),13000,2026-03-29
Realme C15 64GB (Used),9900,2026-03-29
Realme C15 (Used),16000,2026-03-29
Realme C15 (Used),19500,2026-03-29
Realme C11 2GB 32GB (Used),12500,2026-03-29
Realme C11 4G (Used),8000,2026-03-29
Realme C11 (Used),13500,2026-03-29
Realme C11 (Used),15000,2026-03-29
Realme C11 (Used),14500,2026-03-29
Realme C11 (Used),17000,2026-03-29
Realme C11 (Used),13500,2026-03-29
Realme C11 32GB (Used),15000,2026-03-29
Realme C11 (Used),16000,2026-03-29
Realme C11 (Used),11000,2026-03-29
Realme C11 (Used),12000,2026-03-29
Realme C11 2025 (Used),24999,2026-03-29
Realme C11 (Used),14000,2026-03-29
Realme C11 (Used),11500,2026-03-29
Realme C11 (Used),15000,2026-03-29
Realme C11 (Used),15000,2026-03-29
Realme C11 (Used),19000,2026-03-29
Realme C11 (Used),19500,2026-03-29
Realme C11 (Used),15000,2026-03-29
Realme C11 (Used),12500,2026-03-29
